[{"model": "classifieds.city", "pk": 1, "fields": {"name": "Las Vegas"}}, {"model": "classifieds.city", "pk": 3, "fields": {"name": "Los Angeles"}}, {"model": "classifieds.city", "pk": 4, "fields": {"name": "San Francisco"}}, {"model": "classifieds.category", "pk": 1, "fields": {"name": "Community"}}, {"model": "classifieds.category", "pk": 2, "fields": {"name": "Housing"}}, {"model": "classifieds.category", "pk": 3, "fields": {"name": "For Sale"}}, {"model": "classifieds.category", "pk": 4, "fields": {"name": "Services"}}, {"model": "classifieds.category", "pk": 5, "fields": {"name": "Jobs"}}, {"model": "classifieds.subcategory", "pk": 1, "fields": {"category": 3, "name": "Bikes"}}, {"model": "classifieds.subcategory", "pk": 2, "fields": {"category": 3, "name": "Cars"}}, {"model": "classifieds.subcategory", "pk": 3, "fields": {"category": 3, "name": "Electronics"}}, {"model": "classifieds.subcategory", "pk": 4, "fields": {"category": 5, "name": "Admin/Office"}}, {"model": "classifieds.subcategory", "pk": 5, "fields": {"category": 5, "name": "Retail"}}, {"model": "classifieds.subcategory", "pk": 6, "fields": {"category": 4, "name": "Mechanical Repair"}}, {"model": "classifieds.subcategory", "pk": 7, "fields": {"category": 4, "name": "Computer Repair"}}, {"model": "classifieds.subcategory", "pk": 8, "fields": {"category": 2, "name": "Room For Rent"}}, {"model": "classifieds.subcategory", "pk": 9, "fields": {"category": 2, "name": "House for Sale"}}, {"model": "classifieds.subcategory", "pk": 10, "fields": {"category": 2, "name": "Apartment/Condo Renting"}}, {"model": "classifieds.subcategory", "pk": 11, "fields": {"category": 1, "name": "Activities"}}, {"model": "classifieds.subcategory", "pk": 12, "fields": {"category": 1, "name": "Volunteers"}}, {"model": "classifieds.subcategory", "pk": 13, "fields": {"category": 1, "name": "Childcare"}}, {"model": "classifieds.subcategory", "pk": 14, "fields": {"category": 1, "name": "Artists"}}, {"model": "classifieds.subcategory", "pk": 15, "fields": {"category": 1, "name": "Classes"}}, {"model": "classifieds.subcategory", "pk": 16, "fields": {"category": 1, "name": "Events"}}, {"model": "classifieds.subcategory", "pk": 17, "fields": {"category": 1, "name": "general"}}, {"model": "classifieds.subcategory", "pk": 18, "fields": {"category": 1, "name": "groups"}}, {"model": "classifieds.subcategory", "pk": 19, "fields": {"category": 2, "name": "housing swap"}}, {"model": "classifieds.subcategory", "pk": 20, "fields": {"category": 2, "name": "office / commercial"}}, {"model": "classifieds.subcategory", "pk": 21, "fields": {"category": 2, "name": "parking / storage"}}, {"model": "classifieds.subcategory", "pk": 22, "fields": {"category": 2, "name": "vacation rentals"}}, {"model": "classifieds.subcategory", "pk": 23, "fields": {"category": 3, "name": "antiques"}}, {"model": "classifieds.subcategory", "pk": 24, "fields": {"category": 3, "name": "appliances"}}, {"model": "classifieds.subcategory", "pk": 25, "fields": {"category": 3, "name": "auto parts"}}, {"model": "classifieds.subcategory", "pk": 26, "fields": {"category": 3, "name": "books"}}, {"model": "classifieds.subcategory", "pk": 27, "fields": {"category": 3, "name": "boats"}}, {"model": "classifieds.subcategory", "pk": 28, "fields": {"category": 3, "name": "materials"}}, {"model": "classifieds.subcategory", "pk": 29, "fields": {"category": 3, "name": "jewelry"}}, {"model": "classifieds.subcategory", "pk": 30, "fields": {"category": 4, "name": "creative"}}, {"model": "classifieds.subcategory", "pk": 31, "fields": {"category": 4, "name": "lessons"}}, {"model": "classifieds.subcategory", "pk": 32, "fields": {"category": 5, "name": "accounting+finance"}}, {"model": "classifieds.subcategory", "pk": 33, "fields": {"category": 5, "name": "arch / engineering"}}, {"model": "classifieds.subcategory", "pk": 34, "fields": {"category": 5, "name": "art / media / design"}}, {"model": "classifieds.subcategory", "pk": 35, "fields": {"category": 5, "name": "biotech / science"}}, {"model": "classifieds.subcategory", "pk": 36, "fields": {"category": 5, "name": "business / mgmt"}}, {"model": "classifieds.subcategory", "pk": 37, "fields": {"category": 5, "name": "customer service"}}, {"model": "classifieds.subcategory", "pk": 38, "fields": {"category": 5, "name": "education"}}, {"model": "classifieds.subcategory", "pk": 39, "fields": {"category": 5, "name": "food / bev / hosp"}}, {"model": "classifieds.subcategory", "pk": 40, "fields": {"category": 5, "name": "general labor"}}, {"model": "classifieds.listing", "pk": 8, "fields": {"title": "MOUNTAIN BIKE great condition", "body": "got it a couple months ago\r\nstill in great condition\r\nseeking a new owner", "price_currency": "USD", "price": "200.00", "user": 1, "phone_num": null, "city": 1, "image": "listing_picture/default.jpg", "created_at": "2016-04-11T07:32:14.573Z", "modified_at": "2016-04-11T07:32:14.574Z", "subcategory": 1}}, {"model": "classifieds.listing", "pk": 9, "fields": {"title": "Art Classes! Learn to Paint", "body": "come by for some lessons", "price_currency": "USD", "price": "45.00", "user": 1, "phone_num": "+18056376389", "city": 1, "image": "listing_picture/default.jpg", "created_at": "2016-04-11T23:01:10.245Z", "modified_at": "2016-04-11T23:01:10.245Z", "subcategory": 15}}, {"model": "classifieds.listing", "pk": 10, "fields": {"title": "100 $ bike", "body": "asdfs", "price_currency": "USD", "price": "100.00", "user": 1, "phone_num": null, "city": 1, "image": "listing_picture/default.jpg", "created_at": "2016-04-12T04:28:48.010Z", "modified_at": "2016-04-12T04:28:48.010Z", "subcategory": 1}}, {"model": "classifieds.listing", "pk": 11, "fields": {"title": "300 dollar bike", "body": "still for sale", "price_currency": "USD", "price": "300.00", "user": 1, "phone_num": null, "city": 1, "image": "listing_picture/default.jpg", "created_at": "2016-04-12T04:30:53.845Z", "modified_at": "2016-04-12T22:47:38.790Z", "subcategory": 1}}, {"model": "classifieds.listing", "pk": 12, "fields": {"title": "new api post", "body": "eyyyy", "price_currency": "XYZ", "price": null, "user": 1, "phone_num": null, "city": 1, "image": "listing_picture/default.jpg", "created_at": "2016-04-13T23:52:18.528Z", "modified_at": "2016-04-13T23:52:18.528Z", "subcategory": 1}}]