[{"model": "contenttypes.contenttype", "pk": 1, "fields": {"app_label": "admin", "model": "logentry"}}, {"model": "contenttypes.contenttype", "pk": 2, "fields": {"app_label": "auth", "model": "permission"}}, {"model": "contenttypes.contenttype", "pk": 3, "fields": {"app_label": "auth", "model": "group"}}, {"model": "contenttypes.contenttype", "pk": 4, "fields": {"app_label": "auth", "model": "user"}}, {"model": "contenttypes.contenttype", "pk": 5, "fields": {"app_label": "contenttypes", "model": "contenttype"}}, {"model": "contenttypes.contenttype", "pk": 6, "fields": {"app_label": "sessions", "model": "session"}}, {"model": "contenttypes.contenttype", "pk": 7, "fields": {"app_label": "userprofiles", "model": "profile"}}, {"model": "contenttypes.contenttype", "pk": 8, "fields": {"app_label": "classifieds", "model": "city"}}, {"model": "contenttypes.contenttype", "pk": 9, "fields": {"app_label": "classifieds", "model": "category"}}, {"model": "contenttypes.contenttype", "pk": 10, "fields": {"app_label": "classifieds", "model": "subcategory"}}, {"model": "contenttypes.contenttype", "pk": 11, "fields": {"app_label": "classifieds", "model": "listing"}}, {"model": "contenttypes.contenttype", "pk": 12, "fields": {"app_label": "authtoken", "model": "token"}}, {"model": "sessions.session", "pk": "3s9kllt5pi4kmt3mpjazgbz2pdo0deiy", "fields": {"session_data": "ZDliYWMwYjY5ZjE5M2JjZmEzMzA4ZGVhOGM0NjY3ODFlOWQwYzQzODp7ImNpdHlfX3BrIjoxLCJfYXV0aF91c2VyX2lkIjoiMSIsIl9hdXRoX3VzZXJfYmFja2VuZCI6ImRqYW5nby5jb250cmliLmF1dGguYmFja2VuZHMuTW9kZWxCYWNrZW5kIiwiX2F1dGhfdXNlcl9oYXNoIjoiMWM4MjUyNTcyNGUxOWU0Yjk2MmQwODA4ODNjMjk3N2M5NWZmZGQwYSJ9", "expire_date": "2016-05-04T21:25:16.280Z"}}, {"model": "sessions.session", "pk": "5fb7kw4ghsjp5li1t05lz1q25icsckw0", "fields": {"session_data": "YWM5OTJiZjkxZjljZDNjOWJjNzJhOTkyMzBhYTE2N2FlNDA5YWY0YTp7Il9hdXRoX3VzZXJfaGFzaCI6IjFjODI1MjU3MjRlMTllNGI5NjJkMDgwODgzYzI5NzdjOTVmZmRkMGEiLCJfYXV0aF91c2VyX2lkIjoiMSIsImNpdHlfcGsiOjMsIl9hdXRoX3VzZXJfYmFja2VuZCI6ImRqYW5nby5jb250cmliLmF1dGguYmFja2VuZHMuTW9kZWxCYWNrZW5kIn0=", "expire_date": "2016-04-25T15:57:19.917Z"}}, {"model": "sessions.session", "pk": "7smsceq42oauh13e1zlur0otjxrujbmu", "fields": {"session_data": "YzkzZmViMWEwOTZhMGQ3NTZmMDI5MmRmMDI3ZDUyYzU0Y2UwZTI4Zjp7Il9hdXRoX3VzZXJfaGFzaCI6IjFjODI1MjU3MjRlMTllNGI5NjJkMDgwODgzYzI5NzdjOTVmZmRkMGEiLCJjaXR5X3BrIjoxLCJfYXV0aF91c2VyX2lkIjoiMSIsImNpdHlfX3BrIjoxLCJfYXV0aF91c2VyX2JhY2tlbmQiOiJkamFuZ28uY29udHJpYi5hdXRoLmJhY2tlbmRzLk1vZGVsQmFja2VuZCJ9", "expire_date": "2016-04-27T00:58:59.579Z"}}, {"model": "sessions.session", "pk": "lcj703g809z1j500trmlc1gskmpne91z", "fields": {"session_data": "NDMxMzhhOWI3ZWNjMDgwOTM1M2FjZGMwYTA2NjkzYWQ0Y2VmMTJkZTp7Il9hdXRoX3VzZXJfYmFja2VuZCI6ImRqYW5nby5jb250cmliLmF1dGguYmFja2VuZHMuTW9kZWxCYWNrZW5kIiwiY2l0eV9fcGsiOjEsIl9hdXRoX3VzZXJfaWQiOiIxIiwiX2F1dGhfdXNlcl9oYXNoIjoiMWM4MjUyNTcyNGUxOWU0Yjk2MmQwODA4ODNjMjk3N2M5NWZmZGQwYSJ9", "expire_date": "2016-05-03T03:23:22.530Z"}}, {"model": "classifieds.city", "pk": 1, "fields": {"name": "Las Vegas"}}, {"model": "classifieds.city", "pk": 3, "fields": {"name": "Los Angeles"}}, {"model": "classifieds.city", "pk": 4, "fields": {"name": "San Francisco"}}, {"model": "classifieds.category", "pk": 1, "fields": {"name": "Community"}}, {"model": "classifieds.category", "pk": 2, "fields": {"name": "Housing"}}, {"model": "classifieds.category", "pk": 3, "fields": {"name": "For Sale"}}, {"model": "classifieds.category", "pk": 4, "fields": {"name": "Services"}}, {"model": "classifieds.category", "pk": 5, "fields": {"name": "Jobs"}}, {"model": "classifieds.subcategory", "pk": 1, "fields": {"category": 3, "name": "Bikes"}}, {"model": "classifieds.subcategory", "pk": 2, "fields": {"category": 3, "name": "Cars"}}, {"model": "classifieds.subcategory", "pk": 3, "fields": {"category": 3, "name": "Electronics"}}, {"model": "classifieds.subcategory", "pk": 4, "fields": {"category": 5, "name": "Admin/Office"}}, {"model": "classifieds.subcategory", "pk": 5, "fields": {"category": 5, "name": "Retail"}}, {"model": "classifieds.subcategory", "pk": 6, "fields": {"category": 4, "name": "Mechanical Repair"}}, {"model": "classifieds.subcategory", "pk": 7, "fields": {"category": 4, "name": "Computer Repair"}}, {"model": "classifieds.subcategory", "pk": 8, "fields": {"category": 2, "name": "Room For Rent"}}, {"model": "classifieds.subcategory", "pk": 9, "fields": {"category": 2, "name": "House for Sale"}}, {"model": "classifieds.subcategory", "pk": 10, "fields": {"category": 2, "name": "Apartment/Condo Renting"}}, {"model": "classifieds.subcategory", "pk": 11, "fields": {"category": 1, "name": "Activities"}}, {"model": "classifieds.subcategory", "pk": 12, "fields": {"category": 1, "name": "Volunteers"}}, {"model": "classifieds.subcategory", "pk": 13, "fields": {"category": 1, "name": "Childcare"}}, {"model": "classifieds.subcategory", "pk": 14, "fields": {"category": 1, "name": "Artists"}}, {"model": "classifieds.subcategory", "pk": 15, "fields": {"category": 1, "name": "Classes"}}, {"model": "classifieds.subcategory", "pk": 16, "fields": {"category": 1, "name": "Events"}}, {"model": "classifieds.subcategory", "pk": 17, "fields": {"category": 1, "name": "general"}}, {"model": "classifieds.subcategory", "pk": 18, "fields": {"category": 1, "name": "groups"}}, {"model": "classifieds.subcategory", "pk": 19, "fields": {"category": 2, "name": "housing swap"}}, {"model": "classifieds.subcategory", "pk": 20, "fields": {"category": 2, "name": "office / commercial"}}, {"model": "classifieds.subcategory", "pk": 21, "fields": {"category": 2, "name": "parking / storage"}}, {"model": "classifieds.subcategory", "pk": 22, "fields": {"category": 2, "name": "vacation rentals"}}, {"model": "classifieds.subcategory", "pk": 23, "fields": {"category": 3, "name": "antiques"}}, {"model": "classifieds.subcategory", "pk": 24, "fields": {"category": 3, "name": "appliances"}}, {"model": "classifieds.subcategory", "pk": 25, "fields": {"category": 3, "name": "auto parts"}}, {"model": "classifieds.subcategory", "pk": 26, "fields": {"category": 3, "name": "books"}}, {"model": "classifieds.subcategory", "pk": 27, "fields": {"category": 3, "name": "boats"}}, {"model": "classifieds.subcategory", "pk": 28, "fields": {"category": 3, "name": "materials"}}, {"model": "classifieds.subcategory", "pk": 29, "fields": {"category": 3, "name": "jewelry"}}, {"model": "classifieds.subcategory", "pk": 30, "fields": {"category": 4, "name": "creative"}}, {"model": "classifieds.subcategory", "pk": 31, "fields": {"category": 4, "name": "lessons"}}, {"model": "classifieds.subcategory", "pk": 32, "fields": {"category": 5, "name": "accounting+finance"}}, {"model": "classifieds.subcategory", "pk": 33, "fields": {"category": 5, "name": "arch / engineering"}}, {"model": "classifieds.subcategory", "pk": 34, "fields": {"category": 5, "name": "art / media / design"}}, {"model": "classifieds.subcategory", "pk": 35, "fields": {"category": 5, "name": "biotech / science"}}, {"model": "classifieds.subcategory", "pk": 36, "fields": {"category": 5, "name": "business / mgmt"}}, {"model": "classifieds.subcategory", "pk": 37, "fields": {"category": 5, "name": "customer service"}}, {"model": "classifieds.subcategory", "pk": 38, "fields": {"category": 5, "name": "education"}}, {"model": "classifieds.subcategory", "pk": 39, "fields": {"category": 5, "name": "food / bev / hosp"}}, {"model": "classifieds.subcategory", "pk": 40, "fields": {"category": 5, "name": "general labor"}}, {"model": "auth.permission", "pk": 1, "fields": {"name": "Can add log entry", "content_type": 1, "codename": "add_logentry"}}, {"model": "auth.permission", "pk": 2, "fields": {"name": "Can change log entry", "content_type": 1, "codename": "change_logentry"}}, {"model": "auth.permission", "pk": 3, "fields": {"name": "Can delete log entry", "content_type": 1, "codename": "delete_logentry"}}, {"model": "auth.permission", "pk": 4, "fields": {"name": "Can add permission", "content_type": 2, "codename": "add_permission"}}, {"model": "auth.permission", "pk": 5, "fields": {"name": "Can change permission", "content_type": 2, "codename": "change_permission"}}, {"model": "auth.permission", "pk": 6, "fields": {"name": "Can delete permission", "content_type": 2, "codename": "delete_permission"}}, {"model": "auth.permission", "pk": 7, "fields": {"name": "Can add group", "content_type": 3, "codename": "add_group"}}, {"model": "auth.permission", "pk": 8, "fields": {"name": "Can change group", "content_type": 3, "codename": "change_group"}}, {"model": "auth.permission", "pk": 9, "fields": {"name": "Can delete group", "content_type": 3, "codename": "delete_group"}}, {"model": "auth.permission", "pk": 10, "fields": {"name": "Can add user", "content_type": 4, "codename": "add_user"}}, {"model": "auth.permission", "pk": 11, "fields": {"name": "Can change user", "content_type": 4, "codename": "change_user"}}, {"model": "auth.permission", "pk": 12, "fields": {"name": "Can delete user", "content_type": 4, "codename": "delete_user"}}, {"model": "auth.permission", "pk": 13, "fields": {"name": "Can add content type", "content_type": 5, "codename": "add_contenttype"}}, {"model": "auth.permission", "pk": 14, "fields": {"name": "Can change content type", "content_type": 5, "codename": "change_contenttype"}}, {"model": "auth.permission", "pk": 15, "fields": {"name": "Can delete content type", "content_type": 5, "codename": "delete_contenttype"}}, {"model": "auth.permission", "pk": 16, "fields": {"name": "Can add session", "content_type": 6, "codename": "add_session"}}, {"model": "auth.permission", "pk": 17, "fields": {"name": "Can change session", "content_type": 6, "codename": "change_session"}}, {"model": "auth.permission", "pk": 18, "fields": {"name": "Can delete session", "content_type": 6, "codename": "delete_session"}}, {"model": "auth.permission", "pk": 19, "fields": {"name": "Can add profile", "content_type": 7, "codename": "add_profile"}}, {"model": "auth.permission", "pk": 20, "fields": {"name": "Can change profile", "content_type": 7, "codename": "change_profile"}}, {"model": "auth.permission", "pk": 21, "fields": {"name": "Can delete profile", "content_type": 7, "codename": "delete_profile"}}, {"model": "auth.permission", "pk": 22, "fields": {"name": "Can add city", "content_type": 8, "codename": "add_city"}}, {"model": "auth.permission", "pk": 23, "fields": {"name": "Can change city", "content_type": 8, "codename": "change_city"}}, {"model": "auth.permission", "pk": 24, "fields": {"name": "Can delete city", "content_type": 8, "codename": "delete_city"}}, {"model": "auth.permission", "pk": 25, "fields": {"name": "Can add category", "content_type": 9, "codename": "add_category"}}, {"model": "auth.permission", "pk": 26, "fields": {"name": "Can change category", "content_type": 9, "codename": "change_category"}}, {"model": "auth.permission", "pk": 27, "fields": {"name": "Can delete category", "content_type": 9, "codename": "delete_category"}}, {"model": "auth.permission", "pk": 28, "fields": {"name": "Can add sub category", "content_type": 10, "codename": "add_subcategory"}}, {"model": "auth.permission", "pk": 29, "fields": {"name": "Can change sub category", "content_type": 10, "codename": "change_subcategory"}}, {"model": "auth.permission", "pk": 30, "fields": {"name": "Can delete sub category", "content_type": 10, "codename": "delete_subcategory"}}, {"model": "auth.permission", "pk": 31, "fields": {"name": "Can add listing", "content_type": 11, "codename": "add_listing"}}, {"model": "auth.permission", "pk": 32, "fields": {"name": "Can change listing", "content_type": 11, "codename": "change_listing"}}, {"model": "auth.permission", "pk": 33, "fields": {"name": "Can delete listing", "content_type": 11, "codename": "delete_listing"}}, {"model": "auth.permission", "pk": 34, "fields": {"name": "Can add Token", "content_type": 12, "codename": "add_token"}}, {"model": "auth.permission", "pk": 35, "fields": {"name": "Can change Token", "content_type": 12, "codename": "change_token"}}, {"model": "auth.permission", "pk": 36, "fields": {"name": "Can delete Token", "content_type": 12, "codename": "delete_token"}}, {"model": "auth.user", "pk": 1, "fields": {"password": "pbkdf2_sha256$24000$QSycnHlxsQM5$sR6imtjc63FPihq/MfevtS7N009nV2yYBGrnsu3lnYA=", "last_login": "2016-04-20T21:03:46.049Z", "is_superuser": true, "username": "kjm", "first_name": "", "last_name": "", "email": "kevinkozzik@gmail.com", "is_staff": true, "is_active": true, "date_joined": "2016-04-07T20:56:40.468Z", "groups": [], "user_permissions": []}}, {"model": "auth.user", "pk": 4, "fields": {"password": "pbkdf2_sha256$24000$SQOoRdadHNO4$nUNnWbsvFVfeu6Rs+6SwJDhoOTaZScVT6PpyygkVrNY=", "last_login": "2016-04-10T20:26:53.073Z", "is_superuser": false, "username": "user111", "first_name": "", "last_name": "", "email": "", "is_staff": false, "is_active": true, "date_joined": "2016-04-10T15:55:07.310Z", "groups": [], "user_permissions": []}}, {"model": "auth.user", "pk": 5, "fields": {"password": "pbkdf2_sha256$24000$c0JCWeeHpDv9$LWy8GAPBb7AJ7ER/ARZS2scvt/9mOjqJdoNdtKDOI7U=", "last_login": null, "is_superuser": false, "username": "tokentest", "first_name": "", "last_name": "", "email": "", "is_staff": false, "is_active": true, "date_joined": "2016-04-12T21:15:54.652Z", "groups": [], "user_permissions": []}}, {"model": "auth.user", "pk": 6, "fields": {"password": "pbkdf2_sha256$24000$xwC6MRjGuhUO$JWOEKehXEmY2regEY8ZivqVN4e1JwzxjSqxeFmekE2g=", "last_login": null, "is_superuser": false, "username": "tokentest2", "first_name": "", "last_name": "", "email": "", "is_staff": false, "is_active": true, "date_joined": "2016-04-12T21:16:39.134Z", "groups": [], "user_permissions": []}}, {"model": "authtoken.token", "pk": "b52e2484161d47d6c2610c236c1455c04c763f8a", "fields": {"user": 4, "created": "2016-04-12T20:38:59.616Z"}}, {"model": "authtoken.token", "pk": "ea1b1592cad4f2465cad2f19ca85cb1f0a797f04", "fields": {"user": 1, "created": "2016-04-13T16:03:26.497Z"}}, {"model": "authtoken.token", "pk": "ed6c15382e1777fd1ee4048c06bd0342e1d9b3b7", "fields": {"user": 5, "created": "2016-04-12T21:15:54.725Z"}}, {"model": "authtoken.token", "pk": "f1e243d421490dc7fef6a6339f41738438a0f7c7", "fields": {"user": 6, "created": "2016-04-12T21:16:39.191Z"}}, {"model": "userprofiles.profile", "pk": 2, "fields": {"user": 4, "city": 1, "email": ""}}, {"model": "userprofiles.profile", "pk": 3, "fields": {"user": 1, "city": 1, "email": ""}}, {"model": "userprofiles.profile", "pk": 21, "fields": {"user": 5, "city": null, "email": null}}, {"model": "userprofiles.profile", "pk": 23, "fields": {"user": 6, "city": null, "email": null}}, {"model": "classifieds.listing", "pk": 8, "fields": {"title": "MOUNTAIN BIKE great condition", "body": "got it a couple months ago\r\nstill in great condition\r\nseeking a new owner", "price_currency": "USD", "price": "200.00", "user": 1, "phone_num": null, "city": 1, "image": "listing_picture/default.jpg", "created_at": "2016-04-11T07:32:14.573Z", "modified_at": "2016-04-11T07:32:14.574Z", "subcategory": 1}}, {"model": "classifieds.listing", "pk": 9, "fields": {"title": "Art Classes! Learn to Paint", "body": "come by for some lessons", "price_currency": "USD", "price": "45.00", "user": 1, "phone_num": "+18056376389", "city": 1, "image": "listing_picture/default.jpg", "created_at": "2016-04-11T23:01:10.245Z", "modified_at": "2016-04-11T23:01:10.245Z", "subcategory": 15}}, {"model": "classifieds.listing", "pk": 10, "fields": {"title": "100 $ bike", "body": "asdfs", "price_currency": "USD", "price": "100.00", "user": 1, "phone_num": null, "city": 1, "image": "listing_picture/default.jpg", "created_at": "2016-04-12T04:28:48.010Z", "modified_at": "2016-04-12T04:28:48.010Z", "subcategory": 1}}, {"model": "classifieds.listing", "pk": 11, "fields": {"title": "300 dollar bike", "body": "still for sale", "price_currency": "USD", "price": "300.00", "user": 1, "phone_num": null, "city": 1, "image": "listing_picture/default.jpg", "created_at": "2016-04-12T04:30:53.845Z", "modified_at": "2016-04-12T22:47:38.790Z", "subcategory": 1}}, {"model": "classifieds.listing", "pk": 12, "fields": {"title": "new api post", "body": "eyyyy", "price_currency": "XYZ", "price": null, "user": 1, "phone_num": null, "city": 1, "image": "listing_picture/default.jpg", "created_at": "2016-04-13T23:52:18.528Z", "modified_at": "2016-04-13T23:52:18.528Z", "subcategory": 1}}, {"model": "admin.logentry", "pk": 1, "fields": {"action_time": "2016-04-08T16:12:55.813Z", "user": 1, "content_type": 8, "object_id": "1", "object_repr": "City object", "action_flag": 1, "change_message": "Added."}}, {"model": "admin.logentry", "pk": 2, "fields": {"action_time": "2016-04-08T16:13:03.140Z", "user": 1, "content_type": 8, "object_id": "2", "object_repr": "City object", "action_flag": 1, "change_message": "Added."}}, {"model": "admin.logentry", "pk": 3, "fields": {"action_time": "2016-04-08T16:13:16.535Z", "user": 1, "content_type": 8, "object_id": "2", "object_repr": "City object", "action_flag": 3, "change_message": ""}}, {"model": "admin.logentry", "pk": 4, "fields": {"action_time": "2016-04-08T16:13:25.821Z", "user": 1, "content_type": 8, "object_id": "3", "object_repr": "City object", "action_flag": 1, "change_message": "Added."}}, {"model": "admin.logentry", "pk": 5, "fields": {"action_time": "2016-04-08T16:13:32.496Z", "user": 1, "content_type": 8, "object_id": "4", "object_repr": "City object", "action_flag": 1, "change_message": "Added."}}, {"model": "admin.logentry", "pk": 6, "fields": {"action_time": "2016-04-08T16:27:49.634Z", "user": 1, "content_type": 9, "object_id": "1", "object_repr": "Community", "action_flag": 1, "change_message": "Added."}}, {"model": "admin.logentry", "pk": 7, "fields": {"action_time": "2016-04-08T16:28:05.164Z", "user": 1, "content_type": 9, "object_id": "2", "object_repr": "Housing", "action_flag": 1, "change_message": "Added."}}, {"model": "admin.logentry", "pk": 8, "fields": {"action_time": "2016-04-08T16:28:31.073Z", "user": 1, "content_type": 9, "object_id": "3", "object_repr": "For Sale", "action_flag": 1, "change_message": "Added."}}, {"model": "admin.logentry", "pk": 9, "fields": {"action_time": "2016-04-08T16:29:41.162Z", "user": 1, "content_type": 9, "object_id": "4", "object_repr": "Services", "action_flag": 1, "change_message": "Added."}}, {"model": "admin.logentry", "pk": 10, "fields": {"action_time": "2016-04-08T16:29:49.381Z", "user": 1, "content_type": 9, "object_id": "5", "object_repr": "Jobs", "action_flag": 1, "change_message": "Added."}}, {"model": "admin.logentry", "pk": 11, "fields": {"action_time": "2016-04-08T16:37:15.132Z", "user": 1, "content_type": 10, "object_id": "1", "object_repr": "Bicycles", "action_flag": 1, "change_message": "Added."}}, {"model": "admin.logentry", "pk": 12, "fields": {"action_time": "2016-04-08T16:38:10.860Z", "user": 1, "content_type": 11, "object_id": "2", "object_repr": "bike", "action_flag": 1, "change_message": "Added."}}, {"model": "admin.logentry", "pk": 13, "fields": {"action_time": "2016-04-08T17:23:28.046Z", "user": 1, "content_type": 9, "object_id": "5", "object_repr": "Jobs", "action_flag": 2, "change_message": "Changed city."}}, {"model": "admin.logentry", "pk": 14, "fields": {"action_time": "2016-04-08T17:23:35.063Z", "user": 1, "content_type": 9, "object_id": "4", "object_repr": "Services", "action_flag": 2, "change_message": "Changed city."}}, {"model": "admin.logentry", "pk": 15, "fields": {"action_time": "2016-04-08T17:23:40.995Z", "user": 1, "content_type": 9, "object_id": "3", "object_repr": "For Sale", "action_flag": 2, "change_message": "Changed city."}}, {"model": "admin.logentry", "pk": 16, "fields": {"action_time": "2016-04-08T17:23:46.681Z", "user": 1, "content_type": 9, "object_id": "2", "object_repr": "Housing", "action_flag": 2, "change_message": "Changed city."}}, {"model": "admin.logentry", "pk": 17, "fields": {"action_time": "2016-04-08T17:23:52.189Z", "user": 1, "content_type": 9, "object_id": "1", "object_repr": "Community", "action_flag": 2, "change_message": "Changed city."}}, {"model": "admin.logentry", "pk": 18, "fields": {"action_time": "2016-04-08T17:40:21.529Z", "user": 1, "content_type": 10, "object_id": "1", "object_repr": "Bikes", "action_flag": 2, "change_message": "Changed name."}}, {"model": "admin.logentry", "pk": 19, "fields": {"action_time": "2016-04-08T17:40:30.379Z", "user": 1, "content_type": 10, "object_id": "2", "object_repr": "Cars", "action_flag": 1, "change_message": "Added."}}, {"model": "admin.logentry", "pk": 20, "fields": {"action_time": "2016-04-08T17:40:40.802Z", "user": 1, "content_type": 10, "object_id": "3", "object_repr": "Electronics", "action_flag": 1, "change_message": "Added."}}, {"model": "admin.logentry", "pk": 21, "fields": {"action_time": "2016-04-08T17:41:20.696Z", "user": 1, "content_type": 10, "object_id": "4", "object_repr": "Admin/Office", "action_flag": 1, "change_message": "Added."}}, {"model": "admin.logentry", "pk": 22, "fields": {"action_time": "2016-04-08T17:41:44.050Z", "user": 1, "content_type": 10, "object_id": "5", "object_repr": "Retail", "action_flag": 1, "change_message": "Added."}}, {"model": "admin.logentry", "pk": 23, "fields": {"action_time": "2016-04-08T17:43:40.576Z", "user": 1, "content_type": 10, "object_id": "6", "object_repr": "Mechanical Repair", "action_flag": 1, "change_message": "Added."}}, {"model": "admin.logentry", "pk": 24, "fields": {"action_time": "2016-04-08T17:43:53.709Z", "user": 1, "content_type": 10, "object_id": "7", "object_repr": "Computer Repair", "action_flag": 1, "change_message": "Added."}}, {"model": "admin.logentry", "pk": 25, "fields": {"action_time": "2016-04-08T17:44:10.479Z", "user": 1, "content_type": 10, "object_id": "8", "object_repr": "Room For Rent", "action_flag": 1, "change_message": "Added."}}, {"model": "admin.logentry", "pk": 26, "fields": {"action_time": "2016-04-08T17:44:24.981Z", "user": 1, "content_type": 10, "object_id": "9", "object_repr": "House for Sale", "action_flag": 1, "change_message": "Added."}}, {"model": "admin.logentry", "pk": 27, "fields": {"action_time": "2016-04-08T17:44:46.989Z", "user": 1, "content_type": 10, "object_id": "10", "object_repr": "Apartment/Condo Renting", "action_flag": 1, "change_message": "Added."}}, {"model": "admin.logentry", "pk": 28, "fields": {"action_time": "2016-04-08T18:01:33.861Z", "user": 1, "content_type": 10, "object_id": "11", "object_repr": "Activities", "action_flag": 1, "change_message": "Added."}}, {"model": "admin.logentry", "pk": 29, "fields": {"action_time": "2016-04-08T18:01:47.547Z", "user": 1, "content_type": 10, "object_id": "12", "object_repr": "Volunteers", "action_flag": 1, "change_message": "Added."}}, {"model": "admin.logentry", "pk": 30, "fields": {"action_time": "2016-04-08T18:01:59.204Z", "user": 1, "content_type": 10, "object_id": "13", "object_repr": "Childcare", "action_flag": 1, "change_message": "Added."}}, {"model": "admin.logentry", "pk": 31, "fields": {"action_time": "2016-04-08T18:03:32.566Z", "user": 1, "content_type": 11, "object_id": "2", "object_repr": "bike", "action_flag": 2, "change_message": "Changed image."}}, {"model": "admin.logentry", "pk": 32, "fields": {"action_time": "2016-04-10T15:56:29.212Z", "user": 1, "content_type": 4, "object_id": "2", "object_repr": "fredlistuser", "action_flag": 3, "change_message": ""}}, {"model": "admin.logentry", "pk": 33, "fields": {"action_time": "2016-04-10T15:56:29.217Z", "user": 1, "content_type": 4, "object_id": "3", "object_repr": "user2", "action_flag": 3, "change_message": ""}}, {"model": "admin.logentry", "pk": 34, "fields": {"action_time": "2016-04-10T15:56:50.206Z", "user": 1, "content_type": 7, "object_id": "3", "object_repr": "Profile object", "action_flag": 1, "change_message": "Added."}}, {"model": "admin.logentry", "pk": 35, "fields": {"action_time": "2016-04-10T16:33:29.250Z", "user": 1, "content_type": 11, "object_id": "2", "object_repr": "bike", "action_flag": 2, "change_message": "Changed user."}}, {"model": "admin.logentry", "pk": 36, "fields": {"action_time": "2016-04-10T17:56:12.850Z", "user": 1, "content_type": 11, "object_id": "2", "object_repr": "bike", "action_flag": 2, "change_message": "Changed city."}}, {"model": "admin.logentry", "pk": 37, "fields": {"action_time": "2016-04-10T18:00:03.064Z", "user": 1, "content_type": 11, "object_id": "2", "object_repr": "bike", "action_flag": 2, "change_message": "Changed city."}}, {"model": "admin.logentry", "pk": 38, "fields": {"action_time": "2016-04-10T18:17:39.892Z", "user": 1, "content_type": 11, "object_id": "3", "object_repr": "1998 Honda Civic Ex 2dr (green)", "action_flag": 3, "change_message": ""}}, {"model": "admin.logentry", "pk": 39, "fields": {"action_time": "2016-04-10T18:17:48.326Z", "user": 1, "content_type": 11, "object_id": "4", "object_repr": "98 Honda Civic", "action_flag": 2, "change_message": "Changed user."}}, {"model": "admin.logentry", "pk": 40, "fields": {"action_time": "2016-04-11T02:35:56.230Z", "user": 1, "content_type": 7, "object_id": "3", "object_repr": "Profile object", "action_flag": 2, "change_message": "Changed city."}}, {"model": "admin.logentry", "pk": 41, "fields": {"action_time": "2016-04-11T03:01:31.489Z", "user": 1, "content_type": 7, "object_id": "15", "object_repr": "Profile object", "action_flag": 3, "change_message": ""}}, {"model": "admin.logentry", "pk": 42, "fields": {"action_time": "2016-04-11T03:01:31.497Z", "user": 1, "content_type": 7, "object_id": "14", "object_repr": "Profile object", "action_flag": 3, "change_message": ""}}, {"model": "admin.logentry", "pk": 43, "fields": {"action_time": "2016-04-11T03:01:31.501Z", "user": 1, "content_type": 7, "object_id": "13", "object_repr": "Profile object", "action_flag": 3, "change_message": ""}}, {"model": "admin.logentry", "pk": 44, "fields": {"action_time": "2016-04-11T03:01:31.506Z", "user": 1, "content_type": 7, "object_id": "12", "object_repr": "Profile object", "action_flag": 3, "change_message": ""}}, {"model": "admin.logentry", "pk": 45, "fields": {"action_time": "2016-04-11T03:01:31.510Z", "user": 1, "content_type": 7, "object_id": "11", "object_repr": "Profile object", "action_flag": 3, "change_message": ""}}, {"model": "admin.logentry", "pk": 46, "fields": {"action_time": "2016-04-11T03:01:31.515Z", "user": 1, "content_type": 7, "object_id": "10", "object_repr": "Profile object", "action_flag": 3, "change_message": ""}}, {"model": "admin.logentry", "pk": 47, "fields": {"action_time": "2016-04-11T03:01:31.519Z", "user": 1, "content_type": 7, "object_id": "9", "object_repr": "Profile object", "action_flag": 3, "change_message": ""}}, {"model": "admin.logentry", "pk": 48, "fields": {"action_time": "2016-04-11T03:01:31.526Z", "user": 1, "content_type": 7, "object_id": "8", "object_repr": "Profile object", "action_flag": 3, "change_message": ""}}, {"model": "admin.logentry", "pk": 49, "fields": {"action_time": "2016-04-11T03:01:31.530Z", "user": 1, "content_type": 7, "object_id": "7", "object_repr": "Profile object", "action_flag": 3, "change_message": ""}}, {"model": "admin.logentry", "pk": 50, "fields": {"action_time": "2016-04-11T03:01:31.534Z", "user": 1, "content_type": 7, "object_id": "6", "object_repr": "Profile object", "action_flag": 3, "change_message": ""}}, {"model": "admin.logentry", "pk": 51, "fields": {"action_time": "2016-04-11T06:18:17.911Z", "user": 1, "content_type": 10, "object_id": "14", "object_repr": "artists", "action_flag": 1, "change_message": "Added."}}, {"model": "admin.logentry", "pk": 52, "fields": {"action_time": "2016-04-11T06:18:28.137Z", "user": 1, "content_type": 10, "object_id": "15", "object_repr": "classes", "action_flag": 1, "change_message": "Added."}}, {"model": "admin.logentry", "pk": 53, "fields": {"action_time": "2016-04-11T06:18:35.575Z", "user": 1, "content_type": 10, "object_id": "16", "object_repr": "events", "action_flag": 1, "change_message": "Added."}}, {"model": "admin.logentry", "pk": 54, "fields": {"action_time": "2016-04-11T06:18:46.584Z", "user": 1, "content_type": 10, "object_id": "17", "object_repr": "general", "action_flag": 1, "change_message": "Added."}}, {"model": "admin.logentry", "pk": 55, "fields": {"action_time": "2016-04-11T06:18:53.796Z", "user": 1, "content_type": 10, "object_id": "18", "object_repr": "groups", "action_flag": 1, "change_message": "Added."}}, {"model": "admin.logentry", "pk": 56, "fields": {"action_time": "2016-04-11T06:24:45.128Z", "user": 1, "content_type": 10, "object_id": "19", "object_repr": "housing swap", "action_flag": 1, "change_message": "Added."}}, {"model": "admin.logentry", "pk": 57, "fields": {"action_time": "2016-04-11T06:24:58.376Z", "user": 1, "content_type": 10, "object_id": "20", "object_repr": "office / commercial", "action_flag": 1, "change_message": "Added."}}, {"model": "admin.logentry", "pk": 58, "fields": {"action_time": "2016-04-11T06:25:09.785Z", "user": 1, "content_type": 10, "object_id": "21", "object_repr": "parking / storage", "action_flag": 1, "change_message": "Added."}}, {"model": "admin.logentry", "pk": 59, "fields": {"action_time": "2016-04-11T06:25:22.638Z", "user": 1, "content_type": 10, "object_id": "22", "object_repr": "vacation rentals", "action_flag": 1, "change_message": "Added."}}, {"model": "admin.logentry", "pk": 60, "fields": {"action_time": "2016-04-11T06:46:39.014Z", "user": 1, "content_type": 10, "object_id": "23", "object_repr": "antiques", "action_flag": 1, "change_message": "Added."}}, {"model": "admin.logentry", "pk": 61, "fields": {"action_time": "2016-04-11T06:46:48.809Z", "user": 1, "content_type": 10, "object_id": "24", "object_repr": "appliances", "action_flag": 1, "change_message": "Added."}}, {"model": "admin.logentry", "pk": 62, "fields": {"action_time": "2016-04-11T06:47:01.216Z", "user": 1, "content_type": 10, "object_id": "25", "object_repr": "auto parts", "action_flag": 1, "change_message": "Added."}}, {"model": "admin.logentry", "pk": 63, "fields": {"action_time": "2016-04-11T06:47:09.919Z", "user": 1, "content_type": 10, "object_id": "26", "object_repr": "books", "action_flag": 1, "change_message": "Added."}}, {"model": "admin.logentry", "pk": 64, "fields": {"action_time": "2016-04-11T06:47:18.401Z", "user": 1, "content_type": 10, "object_id": "27", "object_repr": "boats", "action_flag": 1, "change_message": "Added."}}, {"model": "admin.logentry", "pk": 65, "fields": {"action_time": "2016-04-11T06:47:29.669Z", "user": 1, "content_type": 10, "object_id": "28", "object_repr": "materials", "action_flag": 1, "change_message": "Added."}}, {"model": "admin.logentry", "pk": 66, "fields": {"action_time": "2016-04-11T06:47:36.581Z", "user": 1, "content_type": 10, "object_id": "29", "object_repr": "jewelry", "action_flag": 1, "change_message": "Added."}}, {"model": "admin.logentry", "pk": 67, "fields": {"action_time": "2016-04-11T06:47:57.974Z", "user": 1, "content_type": 10, "object_id": "30", "object_repr": "creative", "action_flag": 1, "change_message": "Added."}}, {"model": "admin.logentry", "pk": 68, "fields": {"action_time": "2016-04-11T06:48:15.189Z", "user": 1, "content_type": 10, "object_id": "31", "object_repr": "lessons", "action_flag": 1, "change_message": "Added."}}, {"model": "admin.logentry", "pk": 69, "fields": {"action_time": "2016-04-11T06:53:27.291Z", "user": 1, "content_type": 10, "object_id": "32", "object_repr": "accounting+finance", "action_flag": 1, "change_message": "Added."}}, {"model": "admin.logentry", "pk": 70, "fields": {"action_time": "2016-04-11T06:53:37.859Z", "user": 1, "content_type": 10, "object_id": "33", "object_repr": "arch / engineering", "action_flag": 1, "change_message": "Added."}}, {"model": "admin.logentry", "pk": 71, "fields": {"action_time": "2016-04-11T06:53:48.282Z", "user": 1, "content_type": 10, "object_id": "34", "object_repr": "art / media / design", "action_flag": 1, "change_message": "Added."}}, {"model": "admin.logentry", "pk": 72, "fields": {"action_time": "2016-04-11T06:53:59.292Z", "user": 1, "content_type": 10, "object_id": "35", "object_repr": "biotech / science", "action_flag": 1, "change_message": "Added."}}, {"model": "admin.logentry", "pk": 73, "fields": {"action_time": "2016-04-11T06:54:10.344Z", "user": 1, "content_type": 10, "object_id": "36", "object_repr": "business / mgmt", "action_flag": 1, "change_message": "Added."}}, {"model": "admin.logentry", "pk": 74, "fields": {"action_time": "2016-04-11T06:54:19.539Z", "user": 1, "content_type": 10, "object_id": "37", "object_repr": "customer service", "action_flag": 1, "change_message": "Added."}}, {"model": "admin.logentry", "pk": 75, "fields": {"action_time": "2016-04-11T06:54:33.245Z", "user": 1, "content_type": 10, "object_id": "38", "object_repr": "education", "action_flag": 1, "change_message": "Added."}}, {"model": "admin.logentry", "pk": 76, "fields": {"action_time": "2016-04-11T06:54:44.337Z", "user": 1, "content_type": 10, "object_id": "39", "object_repr": "food / bev / hosp", "action_flag": 1, "change_message": "Added."}}, {"model": "admin.logentry", "pk": 77, "fields": {"action_time": "2016-04-11T06:54:53.532Z", "user": 1, "content_type": 10, "object_id": "40", "object_repr": "general labor", "action_flag": 1, "change_message": "Added."}}, {"model": "admin.logentry", "pk": 78, "fields": {"action_time": "2016-04-11T21:53:52.472Z", "user": 1, "content_type": 7, "object_id": "20", "object_repr": "Profile object", "action_flag": 3, "change_message": ""}}, {"model": "admin.logentry", "pk": 79, "fields": {"action_time": "2016-04-11T21:53:52.499Z", "user": 1, "content_type": 7, "object_id": "19", "object_repr": "Profile object", "action_flag": 3, "change_message": ""}}, {"model": "admin.logentry", "pk": 80, "fields": {"action_time": "2016-04-11T21:53:52.504Z", "user": 1, "content_type": 7, "object_id": "18", "object_repr": "Profile object", "action_flag": 3, "change_message": ""}}, {"model": "admin.logentry", "pk": 81, "fields": {"action_time": "2016-04-11T21:53:52.508Z", "user": 1, "content_type": 7, "object_id": "17", "object_repr": "Profile object", "action_flag": 3, "change_message": ""}}, {"model": "admin.logentry", "pk": 82, "fields": {"action_time": "2016-04-11T21:53:52.512Z", "user": 1, "content_type": 7, "object_id": "16", "object_repr": "Profile object", "action_flag": 3, "change_message": ""}}, {"model": "admin.logentry", "pk": 83, "fields": {"action_time": "2016-04-13T06:50:04.339Z", "user": 1, "content_type": 12, "object_id": "a38128c2a55f56b3948709cc49b8dfeae70c8067", "object_repr": "a38128c2a55f56b3948709cc49b8dfeae70c8067", "action_flag": 1, "change_message": "Added."}}, {"model": "admin.logentry", "pk": 84, "fields": {"action_time": "2016-04-20T21:05:10.234Z", "user": 1, "content_type": 7, "object_id": "3", "object_repr": "Profile object", "action_flag": 2, "change_message": "No fields changed."}}]